Parameter1,Parameter2,Parameter3,Yield,Parameter1_anomaly,Parameter2_anomaly,Parameter3_anomaly,Anomaly_Score,ML_Anomaly
54.99544081148301,33.473326037669594,57.31105817279276,87.2309727150529,False,False,False,1,False
56.693954442272414,32.280846714849325,79.33431351322537,92.69789664459857,False,False,False,1,False
52.10523437177429,27.335827804253203,79.01286133392321,88.96173538855496,False,False,False,1,False
46.35882512573954,31.29007051482869,64.77685452776734,87.05960747932114,False,False,False,1,False
51.19838719481744,28.365159580865114,63.7406248788799,90.31426549980853,False,False,False,1,False
45.82205300271828,30.70719878145988,68.0563211846578,95.86943418791475,False,False,False,1,False
47.86464735595516,27.63999756382158,85.62416104483606,93.22300031523555,False,False,False,1,False
52.3151147311287,22.44459062496793,67.49676463002285,90.26800002910167,False,False,False,1,False
50.39294265189159,34.118498657665754,77.69989682180592,88.24248491727545,False,False,False,1,False
57.19699634814917,32.56779190282658,72.11769640247607,97.18378616698385,False,False,False,1,False
56.57903713331636,30.69568024812878,51.230816197758145,85.49115352773477,False,False,False,-1,True
37.560783176118996,25.368026804619028,75.12530899110939,87.27573098801373,False,False,False,-1,True
57.35110749985237,28.387476299248497,72.10403238980379,89.68152161862339,False,False,False,1,False
45.23841156570476,28.158674849187143,67.58373119880527,85.02189519291039,False,False,False,1,False
43.89430479867132,28.596732781101046,81.30782823225104,95.34563699725285,False,False,False,1,False
44.79304510689008,32.03683995801132,70.00141737849239,91.29445066424572,False,False,False,1,False
40.07351131137829,32.39228585371617,73.25274404747992,91.12577803753905,False,False,False,1,False
41.29791547538821,30.42365551163529,71.92323771899868,93.96468930217921,False,False,False,1,False
49.919741477713174,31.744524077635596,60.04651230875197,93.83444473128192,False,False,False,1,False
52.06701286888145,30.41157623659428,68.18898492276786,97.99563925644165,False,False,False,1,False
50.871497102895646,33.38829839442512,74.14514219475846,95.70209444754093,False,False,False,1,False
53.21756640691546,30.079428732003244,69.96234479371925,94.26689240489782,False,False,False,1,False
51.33602859686233,34.43676870019179,65.79558412465892,98.04343912316249,False,False,False,1,False
57.87527011438965,26.822223334252904,72.75451411922583,86.35556284501371,False,False,False,1,False
54.406911744378256,29.48976816138356,79.8148284561052,91.19792783857915,False,False,False,1,False
45.15837152970803,29.722765952089635,73.49068788809112,98.32178353187673,False,False,False,1,False
48.46426067568228,29.395148631499147,68.17279239557088,97.39154298962762,False,False,False,1,False
51.58703478197874,27.79383787135831,62.47106306092215,90.96120290423839,False,False,False,1,False
51.63355903344795,36.61716080137491,83.34664170306789,92.59362750391605,False,False,False,-1,True
49.581556035066015,24.119989017179847,63.60989790219615,85.58705541421135,False,False,False,1,False
51.66103453456322,29.70623391589655,57.92960722433591,90.37759447628189,False,False,False,1,False
47.1147473364836,30.36614227224018,59.31734287591735,97.63373214470579,False,False,False,1,False
57.0089288126953,29.94944970616369,57.24665173664671,85.58416616694622,False,False,False,1,False
54.752187868187455,32.007704898027306,67.69312894828943,98.03511465002519,False,False,False,1,False
47.01035241858797,25.949258281794293,73.50670454438382,85.95332293836262,False,False,False,1,False
42.37682893928301,32.403905248294116,65.62361919622589,88.73412559617381,False,False,False,1,False
50.401895813474745,29.64032258477087,68.3924022319746,96.91714818795809,False,False,False,1,False
54.88158448542927,31.939805035866257,64.6281094355383,86.0017531268699,False,False,False,1,False
52.1382464835943,33.662601121675095,70.69938722643276,87.07292990490039,False,False,False,1,False
52.4758122413747,24.39425351280316,82.58832476436335,91.85902928073062,False,False,False,1,False
49.679808338936965,33.73355028741771,67.10752685756887,85.25769980748262,False,False,False,1,False
42.153037898504564,27.97319492637615,86.88268027112012,88.65293373956081,False,False,False,1,False
53.32252552347603,32.43693729141422,65.77441796844379,85.69532650723163,False,False,False,1,False
44.58799496581719,30.49442816767844,70.51785317926175,86.56623834064243,False,False,False,1,False
46.72134946600878,30.443584236516966,63.67153332243351,96.20595464318009,False,False,False,1,False
52.93570835522171,31.48330186485661,74.05980766086823,86.53346260575867,False,False,False,1,False
46.87095435329326,31.54026275962409,72.91593964946135,88.99551148084225,False,False,False,1,False
48.24555447094172,27.095758333991757,77.89948950158475,86.74387470117033,False,False,False,1,False
43.3727893379008,33.16890211838695,63.59098566559999,98.84149205351792,False,False,False,1,False
46.630135035149145,28.56560209388065,68.00661866263263,93.97206407756453,False,False,False,1,False
50.34399814165046,25.518925624149574,72.99840967027738,87.75350414684445,False,False,False,1,False
51.35924621673811,28.31854913459595,69.48854714594152,94.3120590740201,False,False,False,1,False
64.3924964447224,31.717126845942545,71.42500224362989,91.31721719415373,False,False,False,1,False
40.889647842434876,29.911103541891286,78.40159127371099,98.50228769965504,False,False,False,1,False
48.08362202167313,34.30783244404813,71.97173991257034,96.31172839306011,False,False,False,1,False
57.50873827187428,35.360686764270675,67.18263205630574,95.13633357977746,False,False,False,1,False
49.67185297554512,26.11099333452109,75.89244343703841,92.67962987717999,False,False,False,1,False
54.1582065172201,34.99874358120163,78.98825088218474,97.51131066271718,False,False,False,1,False
53.2973845313677,25.097696767299038,75.7592496291104,95.57522996856807,False,False,False,1,False
57.835494705662086,27.521850001299157,85.3584784324715,88.82454191181628,False,False,False,1,False
47.441826865564,32.34111771942927,75.38473111946003,93.37587258587479,False,False,False,1,False
50.52824319923293,32.149803611470624,65.42690481433047,87.94743796853615,False,False,False,1,False
48.788363472301064,26.825529493863915,70.78545229291608,86.23726456438196,False,False,False,1,False
46.99543913861447,24.39554721984213,63.5416741057416,88.77536303014693,False,False,False,1,False
46.648132930845875,23.840950931226477,63.03708257214604,94.03121336219021,False,False,False,1,False
45.726635087437394,30.988529934215418,71.06033052541747,90.95828925806629,False,False,False,1,False
51.62437743844376,29.644762643663675,65.2133140384934,98.66129051387658,False,False,False,1,False
47.185860984505744,25.307400983169046,64.52823043519784,85.55191558121855,False,False,False,1,False
50.683575340551194,28.004466297981587,73.83702698829842,86.32575823113103,False,False,False,1,False
45.02189782525348,29.06947396612575,77.6813833858236,97.29338210892391,False,False,False,1,False
49.81369591133584,30.26927930025624,70.78690011505701,85.5079074486195,False,False,False,1,False
62.550325967537894,26.411069058445527,65.20378074445328,85.33860906549556,False,False,False,-1,True
47.36668872688422,27.314685728792075,59.342578685451,97.42117572062718,False,False,False,1,False
51.04871092435022,30.82992207923745,66.42005170469798,89.36612353900739,False,False,False,1,False
51.80002989398587,29.941526961275883,86.05932639804433,96.01408512701337,False,False,False,1,False
36.5508574298295,30.227794285850024,74.70550642080984,89.62002275859702,False,False,False,1,False
50.91152239392311,27.1743745975285,77.73389233366473,90.1646249181416,False,False,False,1,False
52.8223673860837,28.291888121354024,69.62928869543296,94.29548480794348,False,False,False,1,False
56.72243849832275,31.34292369197608,67.4716121041182,96.52971046595685,False,False,False,1,False
40.554976215245745,31.12406070929198,74.02260597365432,94.51575538903722,False,False,False,1,False
49.188092969889524,32.947460938949945,73.67746188219657,90.31370541075752,False,False,False,1,False
54.88763971069553,26.858090654460476,64.40174729877387,96.49111207111861,False,False,False,1,False
46.40359943509877,33.376843926831945,61.75471714842004,89.86764819645386,False,False,False,1,False
48.06429841855745,34.98980761007535,72.63769309938624,97.86851913418427,False,False,False,1,False
52.7304397399118,31.232301286969108,71.95754817293945,91.69884673136991,False,False,False,1,False
50.60541948732699,30.470239002581962,77.65651710031747,90.75145324535849,False,False,False,1,False
50.58104653963914,33.2161878815138,61.545040060126524,92.34531299464453,False,False,False,1,False
48.882246921405965,28.30448797212625,77.14501541008961,89.93808244831324,False,False,False,1,False
56.98065885246541,28.636899831456724,59.234517974128906,90.7295843120354,False,False,False,1,False
51.21196035535268,26.91560066759195,73.32955079023185,89.26460252478144,False,False,False,1,False
45.874957526267764,26.330782712178284,64.92394680113291,92.98693466540692,False,False,False,1,False
54.62519586799168,32.935620627536686,71.94294519214849,95.16965446800046,False,False,False,1,False
49.6873824246319,28.587835258093286,71.76445635782721,88.55947613773284,False,False,False,1,False
50.06591616084573,27.547839538695065,70.24895827084659,95.43518182004202,False,False,False,1,False
47.63332362005449,30.240705167940266,64.1675805777837,93.88773593432967,False,False,False,1,False
48.341975670098606,37.01895227912731,81.096833657844,86.82481669660555,False,False,False,-1,True
43.08083778996906,28.331481044185892,70.57276966331698,96.90249966951717,False,False,False,1,False
44.525495018495135,30.545405264840287,73.16672759717405,94.9199358360112,False,False,False,1,False
61.727675127067165,32.1063817617622,76.8442340033026,91.8845576769099,False,False,False,1,False
42.598359271411425,32.45948057405332,67.06352833343941,89.11955148705844,False,False,False,1,False
44.79127397238058,28.520264979069704,90.28093789358988,87.11344401367808,False,False,False,1,False
52.796642546344515,30.57924725323199,78.67360181038302,89.21411313382738,False,False,False,1,False
51.41088726697069,23.601559190582257,69.43702772252469,92.17085408948093,False,False,False,1,False
50.713139059415965,31.799786691760204,58.82181512454835,94.40060373666446,False,False,False,1,False
48.91504861420311,28.67627390677314,64.79398205007115,85.69808569341589,False,False,False,1,False
53.45263516557226,26.241682710530263,80.43813636049558,91.39171305718774,False,False,False,1,False
50.09338176162226,32.735589025295745,74.73250012399731,88.38933221690499,False,False,False,1,False
49.802960001038905,27.96676238488493,83.26596424619729,89.74842399143671,False,False,False,1,False
57.93850472348926,32.510249759213465,56.29689274497768,93.40566482218185,False,False,False,1,False
52.1749820871436,28.722167922533878,70.46888698258036,86.4732390573875,False,False,False,1,False
48.78292527858018,26.842611120149364,69.03575610861618,96.01061785024459,False,False,False,1,False
47.460304271895986,34.62228467689479,73.83718792168382,88.15431613699079,False,False,False,1,False
44.04340534119137,30.278706810832478,69.97604586062354,86.15066772372829,False,False,False,1,False
51.35433386167006,24.018584930363122,61.83782511114141,93.70933985071781,False,False,False,1,False
52.24071595495643,30.032349149908026,60.06543034131033,90.9638870370697,False,False,False,1,False
48.46787739124138,30.5773220053201,92.81358254939398,91.56969507009481,False,False,True,1,False
52.99236501480639,32.90539804215968,68.24794716360167,89.08532031825797,False,False,False,1,False
50.520253658439046,30.35410131046276,64.90603693273896,92.54685008495417,False,False,False,1,False
54.391728021391906,30.040178483003874,71.95272818689428,90.98403582839282,False,False,False,1,False
46.30903207864469,31.283305369368236,71.56920462149598,95.83414590951186,False,False,False,1,False
40.02803648454875,35.72191396443976,72.17458933184317,90.03810225551763,False,False,False,1,False
52.35714542371117,31.521886524554088,72.54183763558633,95.5820332147097,False,False,False,1,False
50.896037355781594,26.605332784210642,69.14780556514273,92.9622134429497,False,False,False,1,False
46.64165673355513,28.958294942857886,70.97987799088048,98.05656153977351,False,False,False,1,False
44.95860553972034,25.01012387856573,64.87388060183476,97.20962621839364,False,False,False,1,False
50.63968987330834,24.960513341675238,67.23668849959112,85.20208230684494,False,False,False,1,False
56.872112155888644,31.899623653896363,75.16995668639277,92.04726673867249,False,False,False,1,False
55.82362892635445,28.4137083345133,57.876883408979076,85.7275138317359,False,False,False,1,False
49.866930188800936,28.611244917767483,84.3233916089743,85.8668800618146,False,False,False,1,False
44.758609890184914,27.31860293632525,83.99380084731932,91.51415635769733,False,False,False,1,False
52.98249430521604,27.965200946027366,78.4142622991743,96.85541942554143,False,False,False,1,False
44.897148716220634,33.58092808741391,87.9162786674664,98.90946214538606,False,False,False,-1,True
58.40029339770206,28.369832508011857,80.43893772444963,98.48065545777303,False,False,False,1,False
47.66670347955428,26.994294637482053,73.55524141864034,97.65699253162263,False,False,False,1,False
47.526739538302415,29.838636786273632,68.03770615981777,86.66088806896757,False,False,False,1,False
50.02112752053003,30.727755396104797,76.4015576355618,96.37836710872595,False,False,False,1,False
49.64898241565324,31.805811455209476,66.37051852861151,89.19962588676043,False,False,False,1,False
56.368505220715214,31.23327149338159,72.09906771497214,96.47869062551044,False,False,False,1,False
53.81116957239137,32.41102382633659,71.09838272248396,86.93915875054483,False,False,False,1,False
52.04574313516214,28.872222627940694,67.54952994597286,87.65420698425824,False,False,False,1,False
49.298271355311165,40.12066172516134,63.520886947401394,94.65557113290727,False,True,False,-1,True
53.88278651655891,30.749158648824952,60.5159577603994,85.53435630738915,False,False,False,1,False
53.64125421518082,26.162067533935463,76.77804741952141,94.71471811095017,False,False,False,1,False
55.2810879021275,32.204329431786206,78.91966217040212,90.96565238320787,False,False,False,1,False
45.06579906110544,30.92250325456424,71.33118625128927,85.20453062458428,False,False,False,1,False
55.28238295676494,31.801254793376483,68.57774326996825,86.39921194733466,False,False,False,1,False
48.72855396511112,27.794601457082095,63.393412427415825,97.40990840819224,False,False,False,1,False
48.29725924432883,28.84843968719304,59.76560355797349,95.52711773674523,False,False,False,1,False
38.92840289766135,29.884271704070137,86.52755176282311,97.64896717224079,False,False,False,-1,True
44.35721619835593,28.931198338934326,71.60271145091563,86.35512068678548,False,False,False,1,False
49.664314719081126,30.29511128828484,77.9580791662782,88.10666954424104,False,False,False,1,False
38.136602273321124,29.333812223978107,71.72289802573377,87.64086842939786,False,False,False,1,False
54.45380576220951,33.486954360145226,63.99963105810455,89.68776408727481,False,False,False,1,False
49.695960370014156,25.610363024703318,80.38511995635903,88.02126945574487,False,False,False,1,False
46.99462916443817,33.043897995422,78.94099771940742,90.4146260887424,False,False,False,1,False
51.3218017526274,33.52502593390444,54.067493424913195,90.09576237732317,False,False,False,1,False
70.49008153372162,31.583916456860845,69.91327536547783,91.30636489087793,True,False,False,-1,True
53.20244675740874,34.88724150716934,66.06924698813756,97.69141455526513,False,False,False,1,False
52.462231151877575,28.314960644638692,74.6033867639095,98.07668246755044,False,False,False,1,False
50.26609438290951,24.02562486128222,62.33766072176395,96.66961387612585,False,False,False,1,False
46.76984545081398,28.452154990631715,69.99141293557406,92.20277300628251,False,False,False,1,False
49.32720509269344,23.427334947145503,63.08797520699177,86.57864860275419,False,False,False,1,False
54.30111364693617,34.895240566004176,77.60699859360581,98.88440396350964,False,False,False,1,False
53.79892173609573,28.17879069430232,76.62901423416244,93.14247360663202,False,False,False,1,False
55.117422246256,25.583863213624056,63.29974345191112,88.84013167446149,False,False,False,1,False
43.86135315603318,32.204378707257646,66.4948490316024,85.23524549561955,False,False,False,1,False
57.04259078726247,36.481056773339404,70.5705762099963,96.31292682718548,False,False,False,1,False
38.3475161757031,31.962187497536213,75.14857778274035,91.9671436660185,False,False,False,1,False
52.63221103717177,28.62678647222649,67.40877391110556,87.3503536278923,False,False,False,1,False
57.09844662235983,27.28436149055119,70.5523423087927,91.2440740420501,False,False,False,1,False
52.39267998815731,27.971380296740538,70.2556276813352,95.49933451639826,False,False,False,1,False
47.911229074699094,36.265752107575835,63.28704017566185,86.29651181856984,False,False,False,1,False
57.75601658230824,31.498474566971353,63.27991114179323,89.48469163904387,False,False,False,1,False
66.96100848580815,27.16952718553697,67.7216926061435,91.57171743284025,True,False,False,-1,True
46.08322343709033,30.871113120823306,74.48161739611936,96.77224725662576,False,False,False,1,False
45.88118995223918,32.00534658779049,58.609017373189815,96.25252866423749,False,False,False,1,False
50.338950956277756,30.420371633417012,63.84282650026899,86.21495765645531,False,False,False,1,False
47.18414910047666,25.031168843856296,66.29680172175144,85.59605915738551,False,False,False,1,False
50.5855026364614,27.995076141063095,65.5972677168707,89.64648864667572,False,False,False,1,False
50.04688775365012,29.42957882014054,75.58572942172006,86.67100543458484,False,False,False,1,False
45.26099942759459,28.372273207268783,74.72576648043055,93.33168272409678,False,False,False,1,False
57.03757965935754,29.725090081680353,63.591100614357195,96.80463573980451,False,False,False,1,False
48.29798373828104,26.5944226099531,64.10527021329357,92.85323892806191,False,False,False,1,False
42.35943776822755,28.933490862703156,74.03407219158166,88.28342585200414,False,False,False,1,False
49.14149728749658,31.283783711086244,77.32070011726779,88.44600126198273,False,False,False,1,False
50.66687950279072,28.399985713613162,73.96582870039329,86.57870264543669,False,False,False,1,False
43.75246645132727,26.06183550789972,68.31774526147721,89.38571985596295,False,False,False,1,False
52.43930201126592,30.560636469413904,77.44953125837817,96.13039816143008,False,False,False,1,False
70.69176441161024,27.240896508284678,64.15341681562367,89.04025585630814,True,False,False,-1,True
43.94720201168305,29.24050586827228,67.42414837163506,94.58439561596316,False,False,False,1,False
46.346571395749855,27.91868541235495,74.48781001955126,89.35062891050022,False,False,False,1,False
56.72930409199142,29.041598077646785,77.78457977128545,96.25666996590927,False,False,False,1,False
54.687042917174566,27.60669879193069,58.744591102884456,95.14964533585484,False,False,False,1,False
54.39718291491509,32.271796868272745,67.29165950398291,96.27484079099236,False,False,False,1,False
56.90467717092229,31.15141762177725,73.45373407149664,89.69728193409651,False,False,False,1,False
70.8236448389171,32.75047882743717,83.16074554528196,97.91204488536881,True,False,False,-1,True
48.78865045186314,30.105337626787918,69.41462248176832,93.5231473933259,False,False,False,1,False
44.458880982705026,31.616167142127516,68.20524474919252,87.11444444678025,False,False,False,1,False
52.27075097813086,24.089845088981804,76.6052922837706,94.11333880954946,False,False,False,1,False
53.983659262691134,35.6224851583864,69.97029294903496,91.79805896669394,False,False,False,1,False
54.09525233056127,29.017598500995742,74.55110931617574,87.41522607060395,False,False,False,1,False
45.968289284917844,31.209173850291897,78.47276327369889,87.86516554366068,False,False,False,1,False
42.53456310793244,26.562613230318345,75.69721925018308,92.41312556356536,False,False,False,1,False
59.54132629549046,30.4888774517456,60.28475388729868,92.13102903474578,False,False,False,1,False
43.701677034712944,31.316073037095784,71.24349776510694,96.49823912680769,False,False,False,1,False
53.854309730325724,26.705352077085944,65.81533387760145,88.0727291542288,False,False,False,1,False
46.74638577070719,33.35336724427775,64.87816698747608,88.12060692105372,False,False,False,1,False
56.318885814808354,34.301967027448825,61.958685340940846,88.32744620715928,False,False,False,1,False
40.64106785390515,34.868302469700616,61.111385922283745,98.86079278777993,False,False,False,-1,True
49.82153101611997,31.90966702005192,67.51637294618023,88.22247090429374,False,False,False,1,False
48.80259624446463,28.902872564048085,77.96649960199963,93.22286117649581,False,False,False,1,False
54.55762412297544,28.12449003577208,66.55295196769211,94.91498635103859,False,False,False,1,False
48.71325758702496,28.909862327581816,68.66470816612828,87.49019686993408,False,False,False,1,False
55.7445261899784,35.525827822324636,75.01724656804143,87.29115894407971,False,False,False,1,False
50.08984792185317,29.111468750643994,67.18329185454051,98.31048677348252,False,False,False,1,False
56.35838433978658,25.849477077830393,61.722071642141515,90.55028071581175,False,False,False,1,False
52.56653289718192,26.22731787818462,73.33427316823044,97.54814694287748,False,False,False,1,False
50.77283952653007,31.3085563476395,71.49896761488608,98.24428641943938,False,False,False,1,False
43.54164055226105,28.23198693054135,65.2861460163054,91.42041145063997,False,False,False,1,False
48.45483616338063,23.614247114395475,73.4659732109036,87.20031216658056,False,False,False,1,False
57.27626394033854,34.08307197781168,58.98811225641795,98.15943996838935,False,False,False,1,False
49.53069848221452,32.60509045475287,66.37532453140152,92.05087588232867,False,False,False,1,False
48.140685595618336,36.198328793585844,67.54153779480569,89.9575230192148,False,False,False,1,False
53.57799340537255,32.19825756020464,58.745509775995615,89.39606517158717,False,False,False,1,False
57.49814814721315,27.39802795468745,70.1652588748727,90.94075681478198,False,False,False,1,False
52.50013287975306,26.068720548934454,76.223295490744,92.92923011464126,False,False,False,1,False
55.579245934680706,27.312590497195167,68.59951718725385,92.53265735021577,False,False,False,1,False
50.08432500104154,27.310552216102817,73.77550750939047,91.03293095624629,False,False,False,1,False
52.00429224814389,34.743463308470744,72.00411289546017,95.08066220277028,False,False,False,1,False
44.65837206918886,29.563596511128086,74.94322325492341,98.61424550015158,False,False,False,1,False
53.47395497740208,31.458414437728674,76.72442329137863,97.06271962800359,False,False,False,1,False
47.49229896516437,38.51362226572956,74.73710552815177,97.98429597965935,False,False,False,-1,True
44.9637510035666,31.285476687250476,72.03138608490065,85.47565518612265,False,False,False,1,False
43.591332617715715,28.53595107388983,62.10981502579959,91.63015515468265,False,False,False,1,False
53.784170958736,32.43390348009629,87.55860104607588,96.20525107768749,False,False,False,1,False
52.871527137392235,31.65074383511939,64.24984254011972,92.96371347170637,False,False,False,1,False
51.50853345748843,30.3972482351528,73.28496164715159,94.60650452038064,False,False,False,1,False
46.116513547724914,32.497510871199744,60.515280010084126,93.16147336734333,False,False,False,1,False
51.79326392068942,24.39228079383978,65.27785969215206,92.39416406702003,False,False,False,1,False
55.47285534492511,29.25695033698681,64.48552808518615,90.85895728078084,False,False,False,1,False
52.79608129864948,37.69456019571309,70.68678614005383,97.79014799395758,False,False,False,1,False
50.88422624167238,26.171940802882595,67.87072311704989,97.25519402319227,False,False,False,1,False
71.96963715149407,31.06239823387058,71.9231112050484,96.33393430115575,True,False,False,-1,True
58.84036085013589,27.812359957497623,72.42776817058046,94.2762771491519,False,False,False,1,False
51.46553628617468,25.260373129685476,67.4453778121131,85.57619683801721,False,False,False,1,False
53.016525162057256,35.38461955431573,70.01310060529227,86.45761464648358,False,False,False,1,False
49.28720925853009,26.457702181282844,74.42874067492312,97.85666094899437,False,False,False,1,False
41.49637085521738,26.77720813228641,62.86191712872158,98.84733902045836,False,False,False,-1,True
47.2400515156506,29.060875914969852,73.65926592092521,91.85130308612273,False,False,False,1,False
55.128015950685565,28.48979451489443,68.00120095026134,97.86993263877224,False,False,False,1,False
48.07907905750445,27.038620909339674,67.17795158790756,94.30436891743264,False,False,False,1,False
49.28714879415167,36.163471899686186,69.07216073420261,89.95528004555332,False,False,False,1,False
48.94094258837029,26.13556206137001,65.51760316708477,86.28641641861543,False,False,False,1,False
48.509707108590895,26.906957404274443,59.52417603429885,89.22430738793491,False,False,False,1,False
62.182805245665804,25.59444814035064,75.7679165665998,98.5737868351429,False,False,False,-1,True
51.89104698469149,31.526856540803227,62.44941299351561,94.67024014145568,False,False,False,1,False
49.92606259502004,30.758737597417003,58.52779309665671,97.853559629535,False,False,False,1,False
51.24866203057834,29.017022838649616,80.05894633898069,90.67608394068466,False,False,False,1,False
62.35288771177501,27.89718099439846,65.08560793509523,90.18375150710477,False,False,False,1,False
51.20086934446379,25.430127555695343,71.09917919557142,93.48705499462099,False,False,False,1,False
50.220738157131315,26.822566895816102,64.43401493823288,87.47114269276642,False,False,False,1,False
45.028185837407555,28.001620216946677,62.07319998951347,89.96884629676791,False,False,False,1,False
55.65004792235391,28.641104261504104,79.41301398524361,89.79684595448097,False,False,False,1,False
61.48938037251793,31.120999444660384,69.07215638555704,89.60285366952577,False,False,False,1,False
44.791857736083884,29.27121176285396,68.14822066138375,95.53101259423443,False,False,False,1,False
45.522728931737156,36.16471266427998,53.694902500000055,90.73492165456926,False,False,False,-1,True
50.2795979857904,26.72046099494874,68.20851320192823,98.24139090966699,False,False,False,1,False
48.664986480362316,29.620750177138312,65.12176238500902,88.91086520660826,False,False,False,1,False
47.26697552900278,32.613318221212296,81.32475896738217,98.43337168096087,False,False,False,1,False
54.50308919178643,25.326910872566785,67.34167800978044,94.76478423215562,False,False,False,1,False
46.78974251055971,30.17451534318212,71.51908146993264,91.3538254157005,False,False,False,1,False
53.97145987324911,26.308511842671855,54.68562147546581,89.86470569260688,False,False,False,1,False
75.76837267832778,31.12869117375785,71.55652692005933,95.57623524182364,True,False,False,-1,True
47.01805553713545,35.464360269928775,65.03369619458181,93.73041940305501,False,False,False,1,False
49.527521369863464,29.89477711758164,65.43911700012625,86.21216805926831,False,False,False,1,False
47.72335705685556,36.29664443682191,77.41725618357107,93.43289122994243,False,False,False,1,False
50.36564977651912,33.554605458220706,60.03156057321635,90.51517725424216,False,False,False,1,False
45.40916500521334,27.684290001459797,70.17819240596396,87.02100875125657,False,False,False,1,False
49.03227631819456,26.840264526394982,58.14700220200518,87.39023913160459,False,False,False,1,False
50.8793300873069,27.560295328384903,56.54294469775951,95.92010060386033,False,False,False,1,False
47.79337237988669,28.018200932990165,65.75139992131498,86.16649420584051,False,False,False,1,False
48.68015301649395,33.20107486693636,65.91264611188241,93.31739430884602,False,False,False,1,False
48.589291252690984,21.75752218273125,70.30616474112942,93.58611539068933,False,False,False,1,False
48.487060651423,24.145040866019635,67.64064168276715,93.8725566992804,False,False,False,1,False
53.189038723091166,25.472187549673563,63.625630876507614,98.76815340898602,False,False,False,1,False
40.984449138696554,29.762829693168378,81.26400912743682,85.59999896882329,False,False,False,1,False
44.289028835287525,30.924247429237237,67.34122269411718,98.02426348094652,False,False,False,1,False
45.729116504421356,29.935330197743408,59.41741691004083,94.39710812016595,False,False,False,1,False
43.37400921228393,28.270498631267273,73.6640359975848,92.29436216048595,False,False,False,1,False
59.08458553040742,35.213014333791335,72.64530467411832,86.24084682764789,False,False,False,-1,True
47.15035426681618,29.215085845974638,68.56087575152434,85.97591538569351,False,False,False,1,False
49.97638644350234,30.6802462352008,66.55345094512073,86.90742604975117,False,False,False,1,False
59.629432318233945,26.398611658614136,65.24415887766473,96.50189464054877,False,False,False,1,False
55.85199860433392,29.673712788702787,69.64123312355315,93.69907057754978,False,False,False,1,False
45.22765417605056,31.715031558458723,55.68845098132006,97.81185854166398,False,False,False,1,False
49.12534227389976,30.8233967708798,72.22378599998838,97.92254040140884,False,False,False,1,False
52.96120090891562,30.53092370048061,70.89502739634464,91.92146981835673,False,False,False,1,False
51.30845686767669,28.470633693711434,68.15544294030741,86.49320495321736,False,False,False,1,False
36.35564422781297,31.68576525942935,69.98352840893237,90.81079085746832,False,False,False,1,False
52.40218699827647,27.03435732672029,57.80917967700585,87.59010812034444,False,False,False,1,False
47.76933121374158,32.62260739981063,67.78582828191288,89.46716249156654,False,False,False,1,False
40.60961272737826,30.520447722894954,69.42031079767546,85.05244717845339,False,False,False,1,False
60.21198463850486,30.5179017166758,82.71201244262181,92.95859901284851,False,False,False,1,False
48.730930750412334,29.39203800337682,52.11559160921969,96.38057369502258,False,False,False,1,False
49.41439082820909,31.787073617038203,83.0656445500641,89.65725137887651,False,False,False,1,False
56.14397923740063,29.13780840576217,76.19957902308492,98.38824769656716,False,False,False,1,False
39.52952000008682,31.750254573211837,72.55069423245737,94.86293546425229,False,False,False,1,False
53.43238543779427,30.464483046150423,62.92224308095297,88.23340550905365,False,False,False,1,False
57.18345356878409,25.608222241903988,60.72966027909615,87.45992013611765,False,False,False,1,False
44.30535341748926,30.562170048330856,65.8901681448665,91.30595323658989,False,False,False,1,False
55.15711413960962,30.858162331363424,73.77263926068751,89.19392692466722,False,False,False,1,False
48.47075869907031,27.888318350343702,73.2140550699858,98.94513781588573,False,False,False,1,False
49.632592764448844,28.747961915241767,65.80933815361449,97.95880853199166,False,False,False,1,False
43.99064347690498,30.929485165669966,75.33613004763872,93.66611857442315,False,False,False,1,False
38.09157204274205,28.018897939476993,64.84066967138007,89.45989985613095,False,False,False,1,False
52.49691288940798,30.121366605973737,62.45648990425089,85.15690582305152,False,False,False,1,False
48.05546025188832,32.950156351384415,74.29883362259336,93.19853360600146,False,False,False,1,False
55.875448662794476,25.534482617859677,61.52049080557516,97.89885854696767,False,False,False,1,False
42.679558447889534,31.085207906949968,65.20340231012126,98.16237077038225,False,False,False,1,False
41.047124501788744,30.905584925702414,63.71185423380285,94.13246079265784,False,False,False,1,False
50.898024352474884,28.946097873611993,82.73645449346218,85.86848489967808,False,False,False,1,False
43.52901751562741,23.97984362887973,49.1807476228294,86.1057624360419,False,False,False,-1,True
46.48670110106912,30.263901892143743,77.90751352133358,88.19391970552508,False,False,False,1,False
60.92538419021115,32.35765898171347,70.05529930831213,91.13739285931422,False,False,False,1,False
49.0909944084569,34.069740473754756,64.00179073493804,86.73313839152547,False,False,False,1,False
52.05800503990011,27.03006209994521,87.26451601679487,86.2805103149099,False,False,False,1,False
36.25891439046651,29.313179678630956,68.6179518492718,94.96540179422607,False,False,False,1,False
57.29034607727369,33.51845872301498,66.19136198014046,96.9686627712932,False,False,False,1,False
44.74248247264559,27.877512606662542,80.30487884482461,92.14174459520174,False,False,False,1,False
51.903074008810066,31.852362311983253,64.90654094768257,95.28500273444985,False,False,False,1,False
46.49874895495266,29.514497187797,59.650554868183306,93.66058832022864,False,False,False,1,False
41.4080983182328,27.170889726531783,74.64548657748168,95.25108568417672,False,False,False,1,False
45.448728068137406,28.882375557099703,72.59899051768991,91.06979384486793,False,False,False,1,False
52.70324343527939,35.887471568585255,64.15587302581204,90.31464428515444,False,False,False,1,False
48.90846865294238,19.84609669777721,72.00495308430418,86.42087295936777,False,True,False,-1,True
45.617766983646106,27.79472065564166,62.31815308520833,87.88058250956534,False,False,False,1,False
49.2299576952181,30.386823097648428,71.56659664973324,95.9431210643679,False,False,False,1,False
48.230999679528004,32.683547742084144,74.16581530886421,87.9422475288348,False,False,False,1,False
51.768427332708136,30.935111146690424,77.35004143869317,92.01362292932124,False,False,False,1,False
53.37648896029798,30.83065456758012,69.07993375457656,93.86896758941356,False,False,False,1,False
49.26271367365209,25.64307712083746,71.22085304028688,85.81682168431355,False,False,False,1,False
46.947848370691084,28.135245414755552,71.81276304336853,92.13527304626311,False,False,False,1,False
47.98919041273757,29.36092319519956,70.76327742890126,91.56463060466041,False,False,False,1,False
67.05755670151346,38.513588273746834,67.33238372405003,95.28894617738302,True,False,False,-1,True
52.36760549551364,32.47095821177044,77.03922706461354,86.76773407645717,False,False,False,1,False
52.46086768043551,31.09731142741235,65.43390106178491,88.2875104519109,False,False,False,1,False
57.74581970577364,32.37056376201907,69.95967508377191,96.2536823171451,False,False,False,1,False
52.02964456834112,29.584484588588634,61.42765541094741,98.43622769206891,False,False,False,1,False
49.72352161295712,31.256990887445685,71.34691737028984,92.53587916380464,False,False,False,1,False
44.1082806199494,31.23551890867524,67.97364349323897,95.72114950312182,False,False,False,1,False
44.30002003241244,28.58794213367306,69.61269412323341,93.52889239893281,False,False,False,1,False
47.325517312007726,29.63760045879232,63.57111294299395,89.99612762949727,False,False,False,1,False
50.314638181863295,29.105593246625027,52.26009075519261,90.88941531019525,False,False,False,1,False
48.730544704613116,27.18496485819606,69.78434990884226,97.72077806589375,False,False,False,1,False
52.37950641506997,27.410250362553978,69.37195067116191,98.63644468163935,False,False,False,1,False
46.670166722637845,30.302957587151152,82.06961531264218,88.79898942378477,False,False,False,1,False
47.46898370210797,32.67174762832171,65.5603020081426,98.71983826600166,False,False,False,1,False
54.935420941881304,34.675324043929514,67.23888619145309,95.76858756929528,False,False,False,1,False
52.518917429264626,32.89436095454629,72.07353938215145,98.84004660009498,False,False,False,1,False
46.78508043614953,28.815133862287325,82.96638663254393,89.50738417501447,False,False,False,1,False
50.02692671920378,36.7055788211991,72.76403255676694,88.58622361972714,False,False,False,1,False
55.70930497824382,27.667265396415612,69.34844253129883,91.04213719321885,False,False,False,1,False
45.705819125867045,29.090428304764004,64.47061457577651,87.6940847899906,False,False,False,1,False
43.64301048853932,30.176959062869155,73.48188219299593,96.30514488762799,False,False,False,1,False
44.38868185668656,27.128274743845406,66.07585135610123,91.41723772366697,False,False,False,1,False
57.71294065753848,26.982723713858874,70.73947819016865,92.54540869649135,False,False,False,1,False
47.005957068907506,30.47591668722479,63.093392486242905,98.78340489682753,False,False,False,1,False
54.26437538675271,30.625119838903316,74.81660655738237,86.15631791306053,False,False,False,1,False
50.71876620919514,30.399746836152666,72.27136300946505,90.68723735255341,False,False,False,1,False
46.03358872697566,28.91251691229167,80.19348937957444,97.73842211768033,False,False,False,1,False
47.83033092711316,29.898997882637268,65.1503365211809,89.94029896497352,False,False,False,1,False
54.75015973644358,35.34468539744171,77.10699889021892,98.02022708861335,False,False,False,1,False
51.26085232877033,33.87920001069123,76.77678366272721,91.58760936312022,False,False,False,1,False
41.507222475678276,36.40254927792223,72.99761481967998,98.626724575641,False,False,False,-1,True
55.62638638759017,23.558668086647994,59.16019068626967,95.36656115451393,False,False,False,-1,True
63.117718048404214,27.401319541621557,75.3406048456406,86.40133135242468,False,False,False,1,False
51.7224816023774,30.69360615970097,60.75480704418973,89.83943250436319,False,False,False,1,False
51.661602919358685,29.46317744367598,62.052244549055004,94.35827795592446,False,False,False,1,False
54.67713515678068,26.460228852268877,71.0192123978771,85.65963122061125,False,False,False,1,False
47.87323695185228,26.079075559903803,61.85518467914864,93.95400383378282,False,False,False,1,False
44.956932536661526,30.33631440788773,84.26185240066519,85.08269009519498,False,False,False,1,False
52.552388859917556,30.710317240618622,72.13711217382495,94.38457887510232,False,False,False,1,False
44.71401663029643,30.46645577594419,69.14254483100822,98.2319693911715,False,False,False,1,False
37.648857346338126,23.849451957209215,54.439366506585095,86.3420410724362,False,False,False,-1,True
52.99162117843769,32.63730958870409,82.00651929450821,98.32797911770876,False,False,False,1,False
52.91174970733776,33.7484345185587,60.486302564211236,85.57405355098504,False,False,False,1,False
48.130451579873906,26.056861702719793,95.0612734144762,94.14362658765722,False,False,True,-1,True
53.01627649000962,30.814022309349227,80.41966552868739,87.67230512614276,False,False,False,1,False
52.50036707084904,31.279102203994363,65.32539556145531,94.89293733342808,False,False,False,1,False
43.81967336620221,30.81442885495051,68.21839118590223,97.00074087193369,False,False,False,1,False
50.62841911058471,27.886915556444013,83.32192343255744,98.34450501154538,False,False,False,1,False
60.47020775738552,32.188231313543874,74.45494290931492,88.1170398763328,False,False,False,1,False
48.154354795286864,30.59482396174236,70.76992289338072,86.69090714952142,False,False,False,1,False
52.5501386566271,28.14356422747492,59.997248023763916,87.24383327385507,False,False,False,1,False
52.60083329109278,30.6683885459804,65.15590757599266,91.95245567628747,False,False,False,1,False
48.03875157946253,23.634120568703747,76.57798599778219,87.16725011198169,False,False,False,1,False
55.05782218332707,30.948865105943934,86.17448018260961,95.7187023512802,False,False,False,1,False
53.41410699318562,32.28577639274986,71.63989521757891,97.31965764404987,False,False,False,1,False
52.99596921903577,29.51221771322587,69.35818784142808,88.70531512616861,False,False,False,1,False
47.32527202781808,27.967263603062516,61.29676993257024,89.3710274134815,False,False,False,1,False
56.030624112987375,30.43436214419659,81.43310189861711,96.28444297532296,False,False,False,1,False
46.91224972327521,27.274972761818464,82.93885998496896,96.54645962558357,False,False,False,1,False
53.254536809796164,31.262517352363925,67.01113969889128,93.66778206548143,False,False,False,1,False
53.73290773536256,27.101001054375377,76.5558410758529,97.86208075287817,False,False,False,1,False
47.714595941616864,27.722310571807064,65.61751992455919,86.87395395220824,False,False,False,1,False
54.95347328257664,35.05224039246618,83.54280911018296,94.76057907000181,False,False,False,1,False
53.819349600954816,26.883378041904802,72.31814571755977,88.74596356557616,False,False,False,1,False
49.282534367124754,31.882138621232574,70.68984871505313,89.8984339585238,False,False,False,1,False
47.2179137280241,28.70650074271157,73.07290694816005,91.15296496564677,False,False,False,1,False
45.721230498130005,31.901627748686987,74.82050136591262,95.86685696970846,False,False,False,1,False
54.90171995492484,34.186538895623244,57.09833397677618,86.23021170511096,False,False,False,1,False
48.604294293148214,29.13683196023444,67.72949786222105,96.05621796288163,False,False,False,1,False
58.05455241251571,29.49122918393719,58.24234869910211,95.79564381304085,False,False,False,1,False
50.65278555028581,33.5160184915249,63.27155868139418,89.10630536045984,False,False,False,1,False
56.40586173942529,31.799314294399164,71.88531720754719,90.07608511388855,False,False,False,1,False
50.40068405701727,32.93044933889518,83.19629711510682,89.47940561751777,False,False,False,1,False
53.28269325401421,32.693223185472306,74.2634397649971,93.61765412518483,False,False,False,1,False
72.71187478329189,28.818546146746655,76.84852212024522,90.70881510181353,True,False,False,-1,True
49.077061944658965,28.966658617131593,59.5178967986819,96.05677836833509,False,False,False,1,False
49.61078040079685,35.207482689294565,65.95111403252217,93.19603343184082,False,False,False,1,False
64.7596219141229,30.542739738831386,71.87623632191499,91.29730526485747,False,False,False,1,False
56.601398138879965,31.220946595185247,65.46877789335562,89.5158321912076,False,False,False,1,False
47.885926416859455,27.611878969672766,66.4729750065804,93.88644840503349,False,False,False,1,False
55.49942077172637,33.029917046496216,72.64978573461438,95.86536869815082,False,False,False,1,False
46.30048524396501,23.53291920291937,69.04587903351141,88.57129816430808,False,False,False,1,False
49.39465686714748,31.603444197819986,74.36691754328032,95.5159415112385,False,False,False,1,False
48.50025305763464,30.23583092719047,74.47770990178358,87.33440857104824,False,False,False,1,False
36.40161853601668,32.47149217495572,71.79415400777323,91.79484542005429,False,False,False,1,False
54.29715012738993,34.053499477367026,68.46663771989292,93.45699929590586,False,False,False,1,False
55.97414525215561,28.52821187716471,77.82385838038704,96.94716751531709,False,False,False,1,False
58.76532935769361,31.962789076251692,75.87919340596832,88.96671379340906,False,False,False,1,False
44.028650405646054,30.79730815039195,68.09049537928985,85.96404888739725,False,False,False,1,False
44.97016338730138,27.79859652595803,67.86566661090586,90.93929247311277,False,False,False,1,False
52.571767205398054,26.2393528988524,65.13455210907969,87.5841238941463,False,False,False,1,False
52.049385032931816,30.73506530664248,75.90404732557664,96.01882528891532,False,False,False,1,False
43.5867163095533,27.63017569743803,60.500283111242915,93.26157407722206,False,False,False,1,False
51.783523829751346,29.86481777793448,78.37527123155803,89.45351312487786,False,False,False,1,False
48.11021021146397,32.31426180336701,74.69721753161848,87.46150954852297,False,False,False,1,False
50.26242023035091,29.184599858635607,74.660147629542,93.31701500382714,False,False,False,1,False
50.202102872481646,30.496750196666387,60.59457969727742,98.54994687390243,False,False,False,1,False
49.80720470779424,27.523374631748634,60.97002655340036,90.33778565624445,False,False,False,1,False
43.84374556706948,22.38087476715807,67.50391979466218,91.15504538300438,False,False,False,1,False
52.11939522044112,32.896238854292946,62.13514610421493,86.51370248941642,False,False,False,1,False
55.98647492762939,29.83750398767227,76.2383458973254,97.51282782762115,False,False,False,1,False
46.798000394049836,30.385512676957973,64.27131169861302,94.27913850341965,False,False,False,1,False
49.56223474215268,31.92537885779147,78.11795420459559,92.52500805255309,False,False,False,1,False
44.50150440752656,30.555671909862685,69.04963471767674,91.96142349603927,False,False,False,1,False
58.33256469146552,27.01788658917986,71.06269772445212,98.52166529738254,False,False,False,1,False
45.116637791441654,26.445663873388227,56.60951980288103,86.3219869099854,False,False,False,1,False
50.17649090471661,27.533143499142994,83.29172534629022,88.5865321079206,False,False,False,1,False
47.52145953900662,25.228017805429378,70.62719295201607,93.5307177438479,False,False,False,1,False
48.622958711476365,31.222071537641803,81.84010985605168,88.82574558668972,False,False,False,1,False
53.78808610428769,26.122268612237214,71.09740328231122,96.32326213702228,False,False,False,1,False
52.74863007363091,27.60750840097417,64.19739202047454,89.75038839459893,False,False,False,1,False
47.62053967854583,30.909937426224356,68.62012948841914,88.36468868941273,False,False,False,1,False
47.57592717058914,31.38020568826802,81.21971951493171,95.90539557328225,False,False,False,1,False
48.717915347177076,32.480434660442256,69.05175489929948,86.0601168329176,False,False,False,1,False
50.43643646894902,31.349513083467347,79.92142828102385,93.23735719182116,False,False,False,1,False
53.47422544710444,32.23014057285479,68.8074892739206,90.52464784140561,False,False,False,1,False
40.691519983372444,33.226487652398745,66.65917707516613,88.45847415635181,False,False,False,1,False
53.76496609661297,31.40193772958968,56.98022565432708,97.05658876610991,False,False,False,1,False
45.642402491163935,33.383666068524086,67.38986843875304,91.65567958541101,False,False,False,1,False
46.93613698634691,32.221681718160646,71.32150118586152,90.0670313199187,False,False,False,1,False
57.587560841759384,32.67662407615256,65.63687762693249,98.34710336271523,False,False,False,1,False
52.297809735839074,31.669524740588336,66.5022595893328,92.64732361559867,False,False,False,1,False
58.3093718015275,36.36306850722154,66.02082571780478,87.73134684647962,False,False,False,1,False
46.62777950560479,27.298869232064188,56.11722605359929,93.52074254126768,False,False,False,1,False
57.7924647924224,32.748715181057015,80.60204245772462,94.76081416407483,False,False,False,1,False
52.2466794843061,28.564518720976796,80.03516106480012,96.21496310943495,False,False,False,1,False
39.73795409863067,24.869279147385026,70.43854680848996,92.18849703336538,False,False,False,1,False
58.39028020929179,29.652556338228827,63.575690144107824,89.18575422622251,False,False,False,1,False
49.117863291332306,26.742828410727302,63.53338331749758,92.69636859304028,False,False,False,1,False
46.124224573456246,25.82735912428335,70.29600032883866,97.78044466106479,False,False,False,1,False
41.09699446450929,27.17139977757017,75.58097244953254,85.52485784541827,False,False,False,1,False
47.95349385484472,31.271331297929375,67.24688343061334,93.08939678036258,False,False,False,1,False
47.47398741919755,33.26405167761222,77.96888379106814,90.82938694537611,False,False,False,1,False
64.31390752191807,28.198922891913718,67.69518576643023,96.64633555773696,False,False,False,1,False
53.249119312125636,32.630094641402565,76.22739960912246,97.8119910440746,False,False,False,1,False
42.43232601225821,29.91468106894035,67.96374994576107,96.02518377827904,False,False,False,1,False
52.26346498248512,33.168199801882125,71.99216266106578,88.31258514506449,False,False,False,1,False
52.038258327445305,32.36434564082425,72.9718939465896,88.91266825175555,False,False,False,1,False
55.5829845867179,29.004528834091964,76.56270489105958,88.78211868310717,False,False,False,1,False
55.077983519764985,32.25758999875613,64.5482788572181,90.22902022716451,False,False,False,1,False
50.89719824708373,31.83106834957466,67.18730000660545,97.23040631040992,False,False,False,1,False
50.55108026974686,30.962918322531987,70.37152264532519,97.54943474969345,False,False,False,1,False
43.94877430893523,31.901505728640693,71.93309738343382,90.99722823346846,False,False,False,1,False
53.24981725306809,27.69919945653546,72.60735139533142,91.47255827411414,False,False,False,1,False
46.48848074156991,32.80116084615551,69.25265211218442,96.17876674499377,False,False,False,1,False
50.28895381147776,26.832117293853816,67.30210155410563,87.00640050823134,False,False,False,1,False
52.12480783980989,26.565936749145536,57.94209418897001,86.96545097246577,False,False,False,1,False
46.51013788767133,32.77978949419149,65.22826591582381,88.94910135578154,False,False,False,1,False
56.00728707710181,28.565335273430463,64.84694687570429,90.71728007122792,False,False,False,1,False
45.06491759566797,31.75257953069459,62.4145071423873,98.57597328193745,False,False,False,1,False
43.41186271161142,30.67247470782049,64.21027852147431,94.54245062490737,False,False,False,1,False
47.57539138275336,28.328247873919707,71.34006417820923,98.07879013839329,False,False,False,1,False
47.008508803004034,24.886810717664602,75.74722311928878,92.20809763093193,False,False,False,1,False
51.36313885568582,24.188034344728315,75.22432557498222,94.1677800434475,False,False,False,1,False
62.601394661930684,26.20227269636731,75.60427291727217,88.72667693428777,False,False,False,1,False
51.14447471113996,32.067198664654576,64.04888540156578,93.187453550432,False,False,False,1,False
52.840045344415536,30.84448430590334,55.408021840480444,91.30218932559626,False,False,False,1,False
55.17418987670355,31.114030724115597,68.40414011205576,88.42305189272143,False,False,False,1,False
60.176656901790196,31.305337999378775,62.8620460913652,86.99773172688417,False,False,False,1,False
45.85362779668193,30.1371032397082,57.93723137751833,87.4424669188159,False,False,False,1,False
47.268419780190136,26.84439783171846,54.836572285549906,88.21217318230094,False,False,False,1,False
51.74895627333837,29.714630884441885,69.1575659077331,87.50045273831691,False,False,False,1,False
55.069536440211294,32.21426681746135,81.50616982443749,91.31327249156347,False,False,False,1,False
52.92735229576236,34.09968463063315,68.01014981815867,98.74723546255831,False,False,False,1,False
46.624323460174395,27.77879724748471,70.0066125033074,96.217118611534,False,False,False,1,False
46.275042056749065,27.755297635993383,70.02263022767264,88.28228708215552,False,False,False,1,False
50.6559222824956,26.949661537773128,74.73356867088062,91.40435366609793,False,False,False,1,False
44.94023661695886,27.71481445184314,74.5713903150978,96.68709127996067,False,False,False,1,False
49.111619270353124,29.521501745973207,47.920202017964584,86.07357030049205,False,False,True,-1,True
47.35203470893916,26.142055406409895,73.54770215346983,96.8478930876183,False,False,False,1,False
49.10046384176965,28.658912463045287,72.27824706286688,85.73753842874308,False,False,False,1,False
49.89796154120993,30.31836076948747,73.6621851486568,87.76425643658256,False,False,False,1,False
53.57088740318295,31.220932739213833,77.08273665393165,93.83267742993962,False,False,False,1,False
47.25749359058863,33.987654485060496,78.66104425786283,93.06324976797943,False,False,False,1,False
52.07009926675407,37.602256942572865,73.2379610456132,88.35896227036734,False,False,False,1,False
40.87830661541629,29.147022793143528,82.18856038628245,98.34050210514727,False,False,False,-1,True
33.759452571292954,27.4048719154217,59.38230483501333,87.95250677983194,True,False,False,-1,True
49.29863739499481,37.45734559516421,58.24469917685143,89.20047109172863,False,False,False,1,False
39.79584648285646,31.57226014981994,59.66823376569984,94.8638963206756,False,False,False,1,False
44.351105692773245,36.323490994906386,63.074602669252805,91.88510196238111,False,False,False,1,False
52.98010487096699,26.43551194030446,74.25626802336792,96.33913114634835,False,False,False,1,False
46.532550179818855,35.983007930752365,60.84296857609679,95.3878549612802,False,False,False,1,False
39.47364194888371,24.695199940829852,60.928195825512056,85.46413686836279,False,False,False,-1,True
53.923121206414216,30.250557642324075,73.75568218513837,97.7565341643852,False,False,False,1,False
53.10711880466149,33.833518532737514,61.92634331795557,98.1337675187251,False,False,False,1,False
54.2044813572437,31.696068789109628,67.1290149352497,95.38632882393442,False,False,False,1,False
51.3516810024726,28.575096149089024,75.43917890393301,91.05152435456058,False,False,False,1,False
49.48577960900396,27.541771462581632,59.409182005087814,87.97929624164115,False,False,False,1,False
61.06227449820657,29.186506930740972,72.42848531548974,93.23812715293215,False,False,False,1,False
49.59039943511994,27.703242152647878,79.24601351824796,86.66633672278373,False,False,False,1,False
50.421180512143145,33.52228708738445,69.23315195945851,92.64118342919893,False,False,False,1,False
45.58383416429761,33.22996496964627,65.85861892539197,97.59786655793428,False,False,False,1,False
46.16237199439406,30.946675461177342,70.55222202874492,98.13606931254111,False,False,False,1,False
53.58128851256478,32.94091626427723,71.07868481818032,88.63496319064319,False,False,False,1,False
53.020212410951544,30.179705827329638,67.35529594346438,90.66886004808255,False,False,False,1,False
52.82894792043458,33.163821110700525,67.91868342276604,91.92565701861145,False,False,False,1,False
51.90478080343866,33.78525311928446,69.83785028897522,90.9975641467082,False,False,False,1,False
42.086004955113054,31.669838364498876,74.23626062090356,85.71132071598205,False,False,False,1,False
51.3160117687613,28.475218330469218,73.77591594959469,97.41071204640613,False,False,False,1,False
47.38320821637978,28.65149817639826,72.01954036783894,89.49248172852347,False,False,False,1,False
55.552057674791556,27.46679498754022,79.14755669194379,91.79348120337677,False,False,False,1,False
51.886467431153804,34.06942598694629,54.305507732509014,96.17771941101556,False,False,False,1,False
50.581503048250475,30.188806972864523,67.29140751751787,97.12248207697567,False,False,False,1,False
42.35871343020753,28.920205683491993,73.45494389402243,96.7802283110694,False,False,False,1,False
50.81927561984713,33.530765234822496,64.27596919379235,87.2305565412533,False,False,False,1,False
45.17877163509842,30.55725961337706,61.310677959660524,97.23711374576887,False,False,False,1,False
50.27696862913728,32.63925597066224,81.71042058093596,95.96025546854622,False,False,False,1,False
53.54704439555658,32.803311500314386,74.5250112098195,85.79668407004668,False,False,False,1,False
59.39227881472803,29.244079541800236,67.30432250298718,91.33967317768818,False,False,False,1,False
48.02614635860742,28.63998801832273,70.21191147308393,87.62030137965539,False,False,False,1,False
59.92745979359775,31.986992056295847,80.56074643136361,94.29531769562979,False,False,False,1,False
48.23072220648019,31.960272467220925,79.04996964747731,90.80788079804235,False,False,False,1,False
55.88531811687235,30.47581860080699,73.30348541688504,87.62049758338743,False,False,False,1,False
56.98654023367877,27.797636303413757,60.83854896210587,90.6922529289236,False,False,False,1,False
48.846033782030574,27.10232306960887,52.34806531680201,87.99709709622311,False,False,False,1,False
48.35689417610908,33.04734209768674,64.7974072136635,97.82109485911717,False,False,False,1,False
43.64122359414567,30.896162115151704,78.24353629049618,98.69145834858023,False,False,False,1,False
48.23207176530773,35.589470572702865,61.12191856311196,97.1140943245915,False,False,False,1,False
51.793276538410254,29.45879113843962,76.07614800936969,93.73924009731579,False,False,False,1,False
53.252260556535504,31.429354284374117,65.20263572059237,97.17012265013244,False,False,False,1,False
54.10288748959729,31.31639234025514,72.38259299954471,89.06521951801412,False,False,False,1,False
51.951328341029964,25.59552553331352,73.3267126295734,90.01767810028753,False,False,False,1,False
49.94920643119611,31.22209749037952,53.606786079392876,89.38863264816483,False,False,False,1,False
47.638258042254066,30.643781986697505,63.891206488312946,96.0898980443587,False,False,False,1,False
47.66181718980933,31.298477084252607,78.23432154234199,88.67113989787784,False,False,False,1,False
40.874946057899166,33.47646935703635,72.01602717874844,94.30891460479846,False,False,False,1,False
45.70399419048427,35.29047599672287,78.6449521835784,86.84623781249066,False,False,False,1,False
47.03273358673411,28.71259000496156,74.03778748868177,94.4735989116649,False,False,False,1,False
50.18056645730026,31.304898716014968,76.70319653712873,87.39616084960969,False,False,False,1,False
54.694703332119836,28.269365494211858,57.19539813811454,96.01830833318257,False,False,False,1,False
49.78137725157498,24.24630014760649,61.71384253995638,86.69651738064985,False,False,False,1,False
53.54296460777174,25.1345688700885,58.090496103682746,97.21680534629223,False,False,False,1,False
48.37149974529838,22.515871520468377,71.85853541515242,97.38854783738086,False,False,False,1,False
68.5661858803001,29.886541290743857,64.40395030213483,87.4530609763328,True,False,False,-1,True
56.040217047354545,28.856771654123268,66.07658839197116,88.53927279626173,False,False,False,1,False
52.29904762538388,27.903902006200823,70.28638250442488,90.5543056968257,False,False,False,1,False
55.008362366687535,33.023627758504915,73.97632913497505,97.47292793331214,False,False,False,1,False
51.774040814604,27.40389507149229,74.27499600291104,86.24943519208031,False,False,False,1,False
57.16001072827657,31.88701959757771,72.65425417148961,89.84545413382045,False,False,False,1,False
51.870481993579574,23.55512663577925,80.39329152067884,93.67240770043486,False,False,False,1,False
46.63039025676472,30.160171328203912,67.78698694120665,96.27215558391636,False,False,False,1,False
42.84746295428298,28.32523666146195,58.69299243390579,85.0703100660918,False,False,False,1,False
50.553855358989274,25.75781054271389,58.8992361180556,95.51011897032166,False,False,False,1,False
41.17686906789582,34.18432550610537,73.12563261903767,92.93322845523782,False,False,False,1,False
45.30623984012553,30.370587723097582,63.229867321669026,92.98191886987286,False,False,False,1,False
49.152651300293826,26.000552365672547,79.44354222691557,87.16115384581764,False,False,False,1,False
46.94360164886259,29.859878387780615,76.9124419849585,86.11346637641293,False,False,False,1,False
45.475410561852115,30.338630905762457,77.6572366783011,95.97854737643735,False,False,False,1,False
62.499226383377895,31.95513680482181,71.92853427169376,92.54286520542023,False,False,False,1,False
56.19351066592635,25.97462048276548,69.7438945120001,98.84946057781436,False,False,False,1,False
52.32269330687684,34.56790871299207,65.67980882770074,93.92369560581972,False,False,False,1,False
45.03111361314045,29.22301208039745,63.81776755523301,86.41336112916555,False,False,False,1,False
45.80944250268215,30.641320526429823,64.8743248343891,97.77761234244247,False,False,False,1,False
53.66027797207335,29.878653303684832,67.5578040224675,94.68451596017943,False,False,False,1,False
52.01497522357147,32.28162832284199,67.0786236559308,96.27891216523136,False,False,False,1,False
47.18377317909954,28.26901149088625,78.5736955274584,96.57059394848287,False,False,False,1,False
53.293287162413364,29.65274136524814,69.84419651946968,96.63636274792529,False,False,False,1,False
44.244544934973405,30.786848513328316,73.20630513075378,92.9543822222753,False,False,False,1,False
54.59839365311717,30.6255514603491,85.82208450487302,89.2557981232074,False,False,False,1,False
43.24021508541387,26.972554337141204,78.47743805672322,96.46986084032787,False,False,False,1,False
57.997228606736726,30.10152509493439,66.68288482193017,86.95196741790502,False,False,False,1,False
45.701616108721474,33.62297111802648,74.76207104785969,88.18822546817087,False,False,False,1,False
46.68978869264198,26.495406790649923,54.27695702984647,93.13285258279132,False,False,False,1,False
60.75549086557648,32.19562049014357,79.26914161935247,96.47339179359021,False,False,False,1,False
45.014337657151,29.47573919063774,70.08917687477968,98.89916045016741,False,False,False,1,False
53.539683367818625,30.315524718223397,67.583411738771,86.58083368883293,False,False,False,1,False
42.48673412445067,25.895192216745322,74.51592536142823,87.71122328098564,False,False,False,1,False
44.13709853828824,29.094007237825647,75.58207440295443,92.22153209019359,False,False,False,1,False
48.212624174337655,28.978060864392532,73.47237539175549,86.8308811810255,False,False,False,1,False
52.18434449579417,33.00730380853578,60.663649165664594,91.96926720454903,False,False,False,1,False
54.32074018417699,28.744510580658453,84.26727125111036,98.87489781243835,False,False,False,-1,True
45.70963980742788,31.872988050886075,78.21660715763389,90.3805427510881,False,False,False,1,False
46.48187286074226,33.24535783575733,73.85914968814501,97.65812416637235,False,False,False,1,False
46.01500338325541,29.269134111326732,61.28246930030054,92.77745980532079,False,False,False,1,False
44.024909056018146,26.910197062165224,70.24942334790629,89.33506045002373,False,False,False,1,False
52.851816831183925,21.99534982457664,62.548960734041486,97.26870247594833,False,False,False,1,False
47.159939896641234,25.288971784887693,59.67961723027609,87.69440281583428,False,False,False,1,False
48.594124734875855,31.339965602076546,64.10601000680947,91.38329595661689,False,False,False,1,False
48.74793339035796,28.056237798927114,69.64859208338052,92.2283436820365,False,False,False,1,False
47.1740093493976,32.715971521077485,70.96153917356108,89.15612477980379,False,False,False,1,False
50.75482425743858,28.52823808028871,74.047226662601,96.24303284420904,False,False,False,1,False
48.913611125455404,27.566143783660888,62.33925163921082,86.6938713796446,False,False,False,1,False
48.49073788079091,29.01395253453301,68.53666860517123,85.91805082511819,False,False,False,1,False
51.8640513257406,29.805120014130594,68.61245531016405,85.46926073964603,False,False,False,1,False
54.18696510230172,33.78173512940876,82.5922960656047,93.37551804846618,False,False,False,1,False
51.97423866508864,31.950715314966047,73.92511261434261,91.7526929887196,False,False,False,1,False
42.8812962806589,32.74470740467702,58.916208890827946,94.73703029157275,False,False,False,1,False
52.664238133952814,22.249253453371203,80.14963241998932,87.37448528152426,False,False,False,1,False
42.17544498871871,27.354947459949408,65.41259637806299,91.15747908253657,False,False,False,1,False
50.271060467914964,30.522409105806453,69.2544374594931,86.12473746679902,False,False,False,1,False
48.42998160632009,32.101709153808606,70.83225729696345,97.87481144015483,False,False,False,1,False
46.61851403889776,30.46777620157836,67.36038083786092,90.58218917139506,False,False,False,1,False
51.075316008881906,34.54095069934159,88.47599100655555,88.66711904422446,False,False,False,-1,True
49.96265723550992,34.49340661273091,62.93272696714557,92.36040299897448,False,False,False,1,False
46.70170050425213,33.04596021059267,57.62467010214849,85.81813746583323,False,False,False,1,False
49.817539330360574,30.723332729689364,73.09534036629832,86.25419961069598,False,False,False,1,False
55.42376391829831,25.19993034776556,70.95551051040916,94.96648818463595,False,False,False,1,False
56.84861194495779,28.74598321736199,58.430572284756444,93.8163172969208,False,False,False,1,False
60.45505903078232,32.74498050203111,75.71234511134338,87.02961033123329,False,False,False,1,False
50.773383046927684,26.576642960357646,68.02008040835612,90.75077144399538,False,False,False,1,False
51.89555658786504,34.56418236517069,66.03132195475763,87.47398025764673,False,False,False,1,False
53.22384261320557,27.113572365385686,78.06668226539269,90.33544589056204,False,False,False,1,False
52.30662744214289,31.452025585373917,63.50251977865005,86.4678538127839,False,False,False,1,False
32.108036578300606,32.66894196133942,65.58734908218463,90.83406259929151,True,False,False,-1,True
45.432939057148666,28.709161546860397,76.75874164611619,86.2550600582737,False,False,False,1,False
51.66298367964198,31.47195959190197,71.10964895579998,92.49185632494923,False,False,False,1,False
46.897573139671486,30.9745732528778,67.65181603723562,93.43422187119884,False,False,False,1,False
43.5746314924321,30.472833393492046,74.40866152277667,85.52955594972155,False,False,False,1,False
47.02454250277595,31.21487938608045,74.03257846002603,86.2315149331161,False,False,False,1,False
49.25708728320393,26.911519584553556,67.53481571773831,92.52365260547523,False,False,False,1,False
50.58203648834638,33.47547060405155,70.90002648780697,90.9386523048787,False,False,False,1,False
51.5279226822867,28.237671088657788,81.51136828506142,97.6726688499955,False,False,False,1,False
49.283660918930124,29.81644266334607,60.13876228466121,88.12047656235436,False,False,False,1,False
51.67766970347337,27.6228362226957,66.65250211138994,92.81564868766549,False,False,False,1,False
48.10354391114743,27.048309984351274,67.6053572898676,98.40362233008348,False,False,False,1,False
46.13066727287089,29.678603386386186,72.49852658150793,96.37470266354735,False,False,False,1,False
48.24376507356677,26.45154893607727,66.43985243351975,98.09444232194309,False,False,False,1,False
50.44553551804213,31.001342281828993,72.72516271428577,89.89563762283485,False,False,False,1,False
56.06028523390152,33.54701592038452,70.98346480554991,89.89055904982848,False,False,False,1,False
48.20698031221579,30.707496159832772,86.64441836567323,97.38704903002238,False,False,False,1,False
46.4850841524418,36.576664369783714,79.66786726465105,94.2474506360764,False,False,False,1,False
52.66411454060299,28.51410774682425,61.16653123086472,88.73152163449785,False,False,False,1,False
54.37841614308071,30.142801122247572,67.04330265050952,87.5011895227841,False,False,False,1,False
41.25639833177127,30.2062419167136,74.53103259095431,93.1352661321835,False,False,False,1,False
58.22211767862157,31.451027309621352,72.2739951452336,93.90540485715913,False,False,False,1,False
44.240846350486905,32.82584102933323,61.31116464212559,90.3206854823926,False,False,False,1,False
53.34722557991664,28.655919960510072,77.22005836307613,91.5339167039793,False,False,False,1,False
53.679452443300164,35.27182637748147,62.6079078959675,86.82015325256671,False,False,False,1,False
53.17778640538227,26.173647178066133,73.21589714812875,94.0045155668312,False,False,False,1,False
56.75898014320436,30.91911655966514,66.94677351047662,85.89896499941656,False,False,False,1,False
41.35032383534951,31.309462653299093,76.51167853169592,85.11623330414491,False,False,False,1,False
50.67652517358074,26.853957860227336,75.1655667158582,93.60256422225613,False,False,False,1,False
44.65426121697328,35.172951622004305,80.13223441633566,94.35778971207074,False,False,False,1,False
53.51351227611527,28.71833868530233,55.83373880774792,87.82556357093422,False,False,False,1,False
52.32431162913788,31.168700812273777,69.87508604408313,96.09210141368952,False,False,False,1,False
46.83596317630673,34.96488116967875,69.35591480881556,98.18663941507731,False,False,False,1,False
45.8943083855739,35.694920441238786,61.57855994185344,95.02758259983855,False,False,False,1,False
56.10695530251011,29.847157947312585,84.41479583346643,95.47917660966752,False,False,False,1,False
50.77827902831996,37.82241434603142,72.52253429661417,86.31293002954266,False,False,False,1,False
47.02687957916245,28.422456672718965,73.93942857413467,91.73036864740017,False,False,False,1,False
48.92670904788042,29.15291252061768,68.40307124591254,88.34162949400866,False,False,False,1,False
47.38693603502762,25.910804666728644,69.28462365646662,93.75587408478263,False,False,False,1,False
50.72984568207434,28.771264399796294,62.97040314812885,88.67101489222931,False,False,False,1,False
49.0032702677196,25.673765414061478,82.70751043439346,95.2990712703681,False,False,False,1,False
44.16545124171807,31.77779626703063,68.77464703781764,88.57181234108776,False,False,False,1,False
55.077212878377274,24.863407033511315,67.25278477543716,87.14596914891918,False,False,False,1,False
45.09509521410039,29.280637222523545,66.93177469944497,98.86740336239252,False,False,False,1,False
49.001161278794534,28.884681013696657,76.64379145687826,92.50346318814913,False,False,False,1,False
50.25764141517518,35.126413170193494,73.97887412663495,92.93918828912716,False,False,False,1,False
53.609838025045356,29.400238815148864,68.07206435897923,86.2192062516611,False,False,False,1,False
52.854088437975975,29.78322832971464,67.64120267375777,92.08778099308527,False,False,False,1,False
46.492119879988856,27.67439089235954,52.61510377927939,89.27933623994964,False,False,False,1,False
55.75901608499508,30.492892110723567,65.63493409115443,90.05992434910615,False,False,False,1,False
40.897873900370854,30.094596639885804,76.4969980864331,91.6817070872384,False,False,False,1,False
49.13848728196353,23.953341054283996,77.39950327785279,90.2251520607856,False,False,False,1,False
51.125588539005236,28.983495034992362,72.45176769880857,92.10402908275464,False,False,False,1,False
43.30149413108646,31.012453666692373,74.28864530280447,93.83316990150018,False,False,False,1,False
56.638337471444615,30.11841831866533,69.86038871416075,97.07409254021543,False,False,False,1,False
48.949653396387916,31.045571101622947,70.72168170441452,93.86140951080878,False,False,False,1,False
54.73274291100376,33.16521388729983,68.3381437964803,87.1944010953188,False,False,False,1,False
33.48273267385139,30.101977877800184,71.9228924737379,91.7042427603534,True,False,False,-1,True
44.02516791882845,29.369304952476508,67.47257361427681,97.44127366461888,False,False,False,1,False
45.9018245358618,32.14380854974332,70.81254231843324,88.75572573280786,False,False,False,1,False
51.52429769986084,29.7626511203176,64.69819275617594,95.35944906338993,False,False,False,1,False
45.99335261416541,28.739301834751807,75.25626317301112,95.47450734841738,False,False,False,1,False
48.516557550471845,27.980630465192263,70.27504379389056,86.96867876208492,False,False,False,1,False
39.758788141741725,29.398369879378226,59.58585344734566,92.81112529028138,False,False,False,1,False
48.80184988637493,26.2714914362552,79.22972028405735,98.11227284919272,False,False,False,1,False
47.608126956756465,29.08804180915911,63.07238260938829,91.38521790735999,False,False,False,1,False
54.050682649742186,37.580020117397495,72.57151521970067,91.87213948129619,False,False,False,1,False
41.81491232346181,27.205234436921252,64.16030350601876,90.20260173036824,False,False,False,1,False
51.835810657590635,26.033515080984266,67.17333926397023,85.32171231768775,False,False,False,1,False
46.415924697735214,29.03704912438384,73.56432428889268,90.56845705378511,False,False,False,1,False
53.386442337908065,31.974776388087346,64.34285934186937,93.95604151563096,False,False,False,1,False
53.43271958952129,26.284291909933298,66.26265688249381,88.46825642408491,False,False,False,1,False
52.82893405551022,32.77002783298671,60.33502765320412,85.62659066335,False,False,False,1,False
56.590862748635175,31.812143858809318,70.93951789235234,92.55153496726133,False,False,False,1,False
60.750091521122556,21.008794123537125,52.3112157278061,96.93628645726596,False,False,False,-1,True
51.854043046901346,31.87958945655822,82.70792869506165,89.91476667767485,False,False,False,1,False
51.37375271525901,28.99208885151306,68.99494238689628,87.69614543933191,False,False,False,1,False
53.73369634375259,31.149067682937158,66.08728838691101,89.74975124273685,False,False,False,1,False
55.18342046921415,27.39223000738313,74.1954582709461,94.84617603928024,False,False,False,1,False
49.46558665150447,31.29308342740069,68.07561838298095,97.10693160901093,False,False,False,1,False
58.24366914687178,29.05815258900243,77.53472905350439,92.22664989232888,False,False,False,1,False
46.85137231249996,26.286147232975836,74.14129316966913,89.80906877011704,False,False,False,1,False
55.22101912834775,26.3175590789029,61.901114219333394,86.92460369699225,False,False,False,1,False
46.73183875026691,28.917278101083063,71.61979413777475,87.32825243838337,False,False,False,1,False
63.6631398582082,29.023290125124642,74.59350586036801,95.70060616578962,False,False,False,1,False
49.50582921523343,25.227379950549604,72.23249457538539,85.19924503078278,False,False,False,1,False
47.59131960489807,23.03253953165343,78.99704347305253,94.42263237721143,False,False,False,1,False
52.80379854579905,28.419065706246663,67.04651142824264,95.65680973675633,False,False,False,1,False
46.185783623001846,30.938518724525185,71.13444148423368,93.71145676792116,False,False,False,1,False
51.659672377191825,28.44616304893407,65.78271603113782,89.99025089595074,False,False,False,1,False
46.87413054089685,28.34443101472961,66.79202468397662,98.40484351167302,False,False,False,1,False
54.219976925214766,31.107455838922608,70.42398873993895,93.5441774239117,False,False,False,1,False
53.9477957863106,31.16341516842389,55.14941110925824,97.12173223789763,False,False,False,1,False
52.72028792017948,27.903654695723944,68.72103341742351,93.34123759600668,False,False,False,1,False
52.79705423509145,25.83777370268004,62.96965785211596,86.49493235049087,False,False,False,1,False
45.78419615675167,29.605879249826184,70.75066070968003,92.8154713687856,False,False,False,1,False
43.396166026076976,27.718575184286045,72.99945707898905,93.98270623609743,False,False,False,1,False
50.38531984553284,30.897314308431202,68.04261496484384,86.0444763101711,False,False,False,1,False
40.003079001625224,26.731154015298063,71.07715335629503,93.89066114395887,False,False,False,1,False
53.71041847020678,35.295179060126586,66.86979919166235,98.72854287475516,False,False,False,1,False
47.42083525281742,26.39855488307716,72.75623333739767,92.26752350684359,False,False,False,1,False
50.33356252224433,27.23291787694582,71.42877653513486,86.78393389464351,False,False,False,1,False
47.33459145662036,34.315104288236746,64.31113431325414,97.64523554463122,False,False,False,1,False
50.08299172931332,30.76405098773683,70.5290702490704,93.2232091782764,False,False,False,1,False
48.62874521093134,31.42516575262108,59.24549488504452,89.19668593747724,False,False,False,1,False
47.86639519593304,34.25355297070307,74.46890852606349,96.89259266101041,False,False,False,1,False
45.97001154605353,27.18180596908968,75.86390643608763,94.01638772611719,False,False,False,1,False
45.62360369652339,29.246904116464798,75.62990518553046,93.53345667291049,False,False,False,1,False
41.771655436169056,30.295055707463085,79.69167959753568,90.14803728811475,False,False,False,1,False
55.98985635048281,34.631608679191174,71.59345143784522,97.03083284716796,False,False,False,1,False
51.29601432077413,28.6729236615358,68.26112273910363,87.95549425444926,False,False,False,1,False
43.88503798049061,26.89687894029382,72.42859635285063,91.7362808581326,False,False,False,1,False
44.47978335304779,33.53985060797247,58.000351238807376,95.66703652952454,False,False,False,1,False
46.320930211156124,24.82963501895383,70.11513835581455,88.26637486741072,False,False,False,1,False
52.011475569529246,32.0691690919557,68.70254767010485,91.82056255505962,False,False,False,1,False
44.72410148832618,31.42328310090999,68.83234628482118,95.24625321776966,False,False,False,1,False
51.99611525069027,27.437103769725997,71.91116790911069,85.62838340869136,False,False,False,1,False
44.63056245034587,29.873737798472376,76.69475447687172,97.12480069357927,False,False,False,1,False
56.742652509029,29.394335577722146,66.77031096557238,88.51680729443034,False,False,False,1,False
45.58038360557379,28.134279635499936,58.09682415288308,92.63477420023082,False,False,False,1,False
43.33138016289261,31.16571585350597,74.34831462190533,89.98258136822959,False,False,False,1,False
52.93894952895292,29.74980392492817,74.31644587768714,87.33992254607004,False,False,False,1,False
50.523263352143495,32.07962827072867,79.2022445728706,91.32795903693933,False,False,False,1,False
42.800700869782034,30.22999889895687,84.27455323038859,92.43950737724207,False,False,False,1,False
48.18582767046294,30.138501652547582,72.77927082576706,96.83777876398659,False,False,False,1,False
46.04916732611293,30.472958151294662,78.7104184862049,94.00477891054372,False,False,False,1,False
51.629124581067416,29.813084088351307,66.64794892663615,93.53465818112115,False,False,False,1,False
49.909804617143095,26.956956669842096,60.41474841152723,89.70845469037437,False,False,False,1,False
53.43480782486933,31.472025193944894,72.6676339505896,90.96693108801983,False,False,False,1,False
57.82465227496054,28.139439669612287,76.41853370803523,91.13111397294252,False,False,False,1,False
48.41930380286958,24.56416835232728,78.71946698652079,89.07926219015349,False,False,False,1,False
48.62007059073813,29.902347523412757,55.67876301956884,86.98035598879515,False,False,False,1,False
66.66806979482315,32.49681678959644,81.56644347554452,93.96504777336663,True,False,False,-1,True
51.50598049756095,28.521036850785908,65.92749588756878,97.9324280561101,False,False,False,1,False
53.268028781520705,34.14724161572604,69.95341200122775,85.30005714824286,False,False,False,1,False
50.99846417253946,29.01799015664317,83.57325108351401,85.1365047078204,False,False,False,1,False
49.307664136099106,35.051838054624554,56.02197227496193,97.98872149102203,False,False,False,-1,True
41.410588421199904,33.92234166523073,63.062678622329145,98.0480447374204,False,False,False,1,False
53.083679423639,31.819138915891255,78.29491233343737,88.52296153941077,False,False,False,1,False
51.41905696124283,32.138367483986244,69.20554935005751,93.75429830206434,False,False,False,1,False
45.17279335775999,30.215611879590007,70.45986858205114,95.8849942362576,False,False,False,1,False
50.96753737488306,27.00682306132479,63.87025112737612,94.9913341511259,False,False,False,1,False
55.062752871236654,28.526103034838155,67.91207733166932,91.7556275871523,False,False,False,1,False
52.93957424696077,28.431163209997145,67.70912647927419,97.48039546105777,False,False,False,1,False
61.78635477427126,28.83644779848784,60.49274727112129,96.814839435523,False,False,False,1,False
56.41198988552327,30.706313237118803,65.52643944261897,87.2256206880494,False,False,False,1,False
51.538476890480986,29.76016951597178,70.99480676842954,91.18754262180377,False,False,False,1,False
47.089646906738224,32.13856024555825,76.05832290718453,86.50911634182486,False,False,False,1,False
42.04407263372649,28.97181084777482,69.62740988727678,92.98571947959046,False,False,False,1,False
51.763332492191736,31.444281216048783,71.19268858170584,88.6537852282366,False,False,False,1,False
58.60175031931393,27.19832767844654,67.59243049000926,93.61583593740521,False,False,False,1,False
49.723875342056985,30.90024155301935,73.9680722311953,98.87003966759742,False,False,False,1,False
45.63985332693145,30.430234767375175,73.88784070062552,89.82988515853849,False,False,False,1,False
49.482253860426326,27.055720240072255,68.49534840454531,94.86565649905585,False,False,False,1,False
49.58354055135016,27.078975879903485,75.41658705915964,86.68503484402987,False,False,False,1,False
44.4483868820493,28.717177571994746,69.9983540938084,96.8755476628482,False,False,False,1,False
51.99013875531932,23.985159084480383,61.58831164781001,86.8815697247965,False,False,False,1,False
50.92447400945688,30.090973104523115,61.75629757544798,92.90248790178559,False,False,False,1,False
52.34973344239503,25.230150100344524,84.27745397952904,91.39743257311602,False,False,False,1,False
41.080391013002256,29.77577921898956,73.1355888280653,98.5547661985444,False,False,False,1,False
44.96418874360895,30.31754837083036,70.07867513994496,94.38549215817099,False,False,False,1,False
44.96898418451759,28.787996370253936,61.14681866655603,86.13039200076872,False,False,False,1,False
48.629133597442056,25.377080022458564,69.56782122626002,94.2887434995377,False,False,False,1,False
49.57442284449735,29.5518430386513,60.26805503215773,96.8000674225035,False,False,False,1,False
44.61246084743064,27.98202568951289,62.795347355654734,95.03535005717936,False,False,False,1,False
42.440350772902825,26.290868617113368,76.67364246830566,96.78687251646278,False,False,False,1,False
45.45883391048134,31.684980545128433,52.029003324359074,86.3413574972702,False,False,False,1,False
57.16066319786485,31.896555572412318,72.59444051549475,92.23870106470002,False,False,False,1,False
53.76420196777828,28.634138481336976,68.89549209526858,90.56812439118552,False,False,False,1,False
47.85426350180582,26.4114984701906,60.87312446840551,92.41618181383888,False,False,False,1,False
49.83095870948921,27.34595082569179,69.99687935130628,92.352351244266,False,False,False,1,False
53.68200313941701,33.18697640201434,68.75635726927447,92.21683802658987,False,False,False,1,False
48.75376071002832,30.209032761589,63.459914228685534,93.5224840968927,False,False,False,1,False
50.25730089689882,31.020956756951918,80.89555450025634,87.2334756035189,False,False,False,1,False
41.64410306037933,31.38912729671879,70.45895110799438,97.66529784582515,False,False,False,1,False
50.04831917088092,26.66675499050789,79.20699174569617,95.91638102263579,False,False,False,1,False
54.52825769308731,30.106753164019565,76.1609842754789,91.39171762855945,False,False,False,1,False
52.34470723983946,30.607474452434243,61.61127277490104,88.0670315342752,False,False,False,1,False
53.198342781626245,30.60880722414034,64.22557390041358,91.63925064576924,False,False,False,1,False
51.832206731853134,28.736563790931676,79.00411515937986,98.19895078232396,False,False,False,1,False
50.69371806502858,31.640222879224112,67.57093070073886,94.97613247681946,False,False,False,1,False
48.37114519429257,33.37155092890268,68.96288141713974,96.35661358705937,False,False,False,1,False
54.51095544187196,33.7313993729362,68.89237332070584,89.51542420285615,False,False,False,1,False
54.36354522003334,28.83055470717583,74.14083343415845,91.70593606739507,False,False,False,1,False
66.01983101079678,28.828717411339305,62.48864838896321,86.59226842878743,False,False,False,-1,True
56.79535487582328,31.875197154524585,72.07276741229259,85.37172787915335,False,False,False,1,False
52.83715730845351,31.577260432763364,75.36123014821426,85.73787339018286,False,False,False,1,False
43.37618089923745,30.21985742965345,61.464565822664014,87.8031591952032,False,False,False,1,False
48.32958453970392,27.248254962552714,64.51762636059294,95.05751373965288,False,False,False,1,False
55.67877481481449,29.26261100824642,70.50923265981565,92.03451020650168,False,False,False,1,False
45.15963473100849,29.421799545107383,72.60748479600176,90.58781614758827,False,False,False,1,False
48.90148283291338,25.64956537774191,74.79295709773929,98.80998765021644,False,False,False,1,False
48.854385805471345,31.45122793291159,73.5392042508273,90.7730401810723,False,False,False,1,False
57.379377589190966,25.679861330267364,76.63302595893731,86.87152217682294,False,False,False,1,False
50.25749465937525,29.974757243877526,65.4757346500635,98.22058072427946,False,False,False,1,False
53.63800654213958,27.832477901953027,63.86341489111715,97.27649729102065,False,False,False,1,False
55.44272535865062,30.1913934536469,67.89428938050742,85.39656602144433,False,False,False,1,False
54.42052153505676,33.11141611325745,59.23542412680763,92.06556240486178,False,False,False,1,False
49.403737509203545,36.35322592132748,70.2381945615415,87.29314276236852,False,False,False,1,False
52.84153203259235,28.198562520556383,74.06535379727023,98.60003537152835,False,False,False,1,False
48.13662114358408,30.45545166155348,70.63682648218307,86.6855432609118,False,False,False,1,False
57.65303570257425,29.485109286441052,63.31712290888099,90.00233842800024,False,False,False,1,False
47.522555639718625,25.97573373434746,68.91534938672372,88.00930265563069,False,False,False,1,False
51.018107346242886,32.86086786510701,83.28217688664569,88.3405752793152,False,False,False,1,False
46.87966642485758,28.557212002699153,65.47818827673856,89.2120809964689,False,False,False,1,False
55.06486130387556,26.57764674140339,79.39270144951884,89.59846801515343,False,False,False,1,False
50.4578874210436,28.982243976729563,71.27399077103051,98.19905164309779,False,False,False,1,False
42.84403682643271,36.26499606497278,65.54801276537643,88.10116153100938,False,False,False,1,False
62.6550751492692,31.004131916484816,72.54146883060604,95.72684511327677,False,False,False,1,False
55.84566963232323,33.32618709223768,74.24486225738241,90.55129475443934,False,False,False,1,False
50.45192865421873,29.585980760678567,73.24815937086834,97.26204105928291,False,False,False,1,False
49.852718399502336,29.089541337420727,74.03047422791853,90.92207374974826,False,False,False,1,False
53.082277172301445,33.72284495181881,76.62951883998423,85.05896009436236,False,False,False,1,False
54.01970778027251,31.59769035911334,71.80381477605218,97.82149079889015,False,False,False,1,False
47.1013107876872,31.697758419762835,74.93956334188476,93.67481559490665,False,False,False,1,False
54.54033258920065,30.861269707096845,75.11592144510266,91.29489639923843,False,False,False,1,False
46.36848912782662,24.787849117816165,68.12484997189888,92.20385926391627,False,False,False,1,False
54.70413564365419,29.40838140037426,75.10950502520184,90.04990979829203,False,False,False,1,False
62.93485824332352,30.529642911319325,56.22004372080231,98.21139659060405,False,False,False,-1,True
52.54354472939213,30.0926037399099,60.53027144959951,92.68108642782346,False,False,False,1,False
59.912489062004326,28.29325496321691,56.617908186037646,90.27896642457583,False,False,False,1,False
46.651153183151735,28.71705017474983,76.36094084600153,88.43476232008189,False,False,False,1,False
50.56814838657231,31.75861871878341,74.80275891918465,87.68550719656258,False,False,False,1,False
51.05151211497504,28.784447932298015,70.40540750257978,94.72868826396122,False,False,False,1,False
50.01238216903003,35.62325032169163,67.89491993650807,96.35644170604861,False,False,False,1,False
45.14158216554102,24.754755879023907,83.51771241002935,96.11735797751557,False,False,False,-1,True
60.51035186172387,32.74529797448126,62.85303074732812,92.9882614341333,False,False,False,1,False
50.1301686767833,30.699120442893655,63.18701037880112,93.4811963659189,False,False,False,1,False
55.25415600476153,33.29022309509939,61.185462610648656,97.39027876229572,False,False,False,1,False
49.561750928721395,27.882345792118013,66.57209418854036,97.87572735948602,False,False,False,1,False
46.66078721150339,25.586335628402278,74.85432597883019,87.85118122560216,False,False,False,1,False
54.56251192583913,32.87715570467041,58.042002478952426,88.88986925776594,False,False,False,1,False
50.500519466779934,25.88854999870006,58.87327842723656,95.36450286204096,False,False,False,1,False
57.38065972697873,32.89577548748113,79.06904415806237,98.16956311942302,False,False,False,1,False
54.22696935181966,26.34110349515582,79.43098148533755,90.80405502644045,False,False,False,1,False
52.423815672035985,31.405388077187325,60.1508699599309,90.6637894909309,False,False,False,1,False
47.50142933946826,33.199071435150486,72.439272784662,86.23526755850163,False,False,False,1,False
55.20028160854153,24.04106496363947,76.01222663507339,88.3201694166754,False,False,False,1,False
50.48668699947917,23.210455954198295,53.203358733794815,85.81477166699717,False,False,False,-1,True
52.75727159686516,28.37168506250334,71.88197187081705,93.30089114215721,False,False,False,1,False
46.09609882703888,34.720636813491595,71.17947552530791,95.67982262249963,False,False,False,1,False
52.36264722083527,30.54774814338706,67.68541103117602,87.75182790116553,False,False,False,1,False
58.33269128915964,29.143860316606347,63.62678023960065,88.52814721645943,False,False,False,1,False
52.798460437092146,28.28826175381514,70.88076729127702,98.94001795219673,False,False,False,1,False
55.647435980303726,28.97772872744426,70.18247901360532,87.20791636980452,False,False,False,1,False
47.73241750274218,29.392761233442215,69.74872179065119,87.46547548011225,False,False,False,1,False
45.76348078357052,29.689154855396804,84.09335809287442,87.0301485563903,False,False,False,1,False
47.47080951437784,27.609142120434853,82.63370132458192,93.90025053043637,False,False,False,1,False
55.83770853489031,27.646394514674615,82.37743645605521,97.9839490567524,False,False,False,1,False
45.33649555761185,26.84467697407779,73.28817515247098,89.7125463923594,False,False,False,1,False
53.53794586594164,27.57330968918271,64.63248493951232,93.0227423835349,False,False,False,1,False
45.008472018180406,27.920000724635344,83.45092798377023,90.90346373585206,False,False,False,1,False
52.61564415804083,27.487477414363784,76.67297628619326,93.7261826541759,False,False,False,1,False
57.663757626165065,30.585159763075474,62.512132994922226,89.7265020474592,False,False,False,1,False
52.01236261204542,28.40585077795082,60.22509424512519,86.76858047736182,False,False,False,1,False
49.37809356681756,29.521420796875365,69.9938339838732,89.81800018847086,False,False,False,1,False
44.808614563895155,32.379021852688325,62.69403289505803,87.76427394564837,False,False,False,1,False
45.18337343975912,32.060713526798025,75.2849374835311,94.33096045943103,False,False,False,1,False
52.797210437356284,28.272121944168198,70.31825050652014,96.0795828384074,False,False,False,1,False
50.96159672686832,30.53535084715625,82.17516878647018,95.65159423286973,False,False,False,1,False
55.98647488708302,30.035151541679245,60.24834312106008,90.93834853136748,False,False,False,1,False
48.56572360504333,28.31130884915056,64.45658136182463,96.33685368011716,False,False,False,1,False
47.20875173923961,33.14322545024242,67.86380544714095,85.16347064981524,False,False,False,1,False
45.55044946064747,31.073585272178615,78.16179254845675,85.20909889790889,False,False,False,1,False
48.890970532682736,29.959851768197364,70.40955093223276,91.25389994716956,False,False,False,1,False
50.45126043774179,31.167605555305883,64.65141071898508,94.57095809785645,False,False,False,1,False
48.792609155275514,23.980968177257015,68.88420085435722,85.78355606593283,False,False,False,1,False
53.46470451859204,32.27232537498583,64.499916447097,98.88981310766819,False,False,False,1,False
52.16201638712441,27.469390401148544,69.11783704471323,88.89680887405764,False,False,False,1,False
51.25823745894485,25.610985012405834,61.50980567982032,90.21598882277308,False,False,False,1,False
50.13527908136902,29.969578582115076,78.4034825719022,91.55065376417623,False,False,False,1,False
45.76977558476716,20.89549366033006,70.31338399481191,94.61352402384559,False,True,False,-1,True
51.07991337684219,29.215277046126605,71.22995530927592,92.58868651889958,False,False,False,1,False
58.65594925852082,31.14118195921241,50.9714107582948,90.1986928292233,False,False,False,-1,True
48.60415852569717,34.198211408521566,62.67033187857017,87.93922923133442,False,False,False,1,False
52.52580406657901,32.68544079590514,65.27100436194404,93.10919675816235,False,False,False,1,False
43.600910195814706,33.13232573407697,66.92548967869746,86.63215550835618,False,False,False,1,False
49.43561835819685,33.42970962277006,83.19212722859407,94.65901873973759,False,False,False,1,False
50.70282152285303,33.442809533623425,69.29366145442519,86.51123230886625,False,False,False,1,False
53.8124723237619,26.104626557068475,88.07374236579766,94.14752595031318,False,False,False,1,False
41.80631669817111,25.78672308201962,73.8240416618826,90.4016651055723,False,False,False,1,False
51.347278934893886,29.266531155804064,64.36016146621131,88.10402594419264,False,False,False,1,False
46.03335646154074,27.03420066820642,73.58612200743974,85.17586488383212,False,False,False,1,False
52.80510002029117,31.785994981119707,61.92671714779961,95.21054812602934,False,False,False,1,False
50.24811032685234,30.620479030339773,73.3542357216639,93.94086955071538,False,False,False,1,False
72.05546908251645,34.82808697243591,75.63972820821974,98.04071776894702,True,False,False,-1,True
48.17713370622903,31.26234459972576,79.09403436008276,94.74617435964338,False,False,False,1,False
52.354426805978434,28.944530007116292,78.51735219867108,86.81707253304077,False,False,False,1,False
50.29510322033758,34.20195188148568,56.504192468482884,85.95874959206121,False,False,False,1,False
50.784912296332166,30.021069037165148,74.30368299614273,86.42725645833254,False,False,False,1,False
51.59863341019766,26.33563604428356,50.78321998789527,96.73996071425566,False,False,False,-1,True
55.38966356184463,34.573933181812045,75.16717060383479,90.78456359721885,False,False,False,1,False
48.13980538351489,29.890924041639046,69.88679784814946,90.18069559557108,False,False,False,1,False
47.22055112228434,28.072833792745943,68.8196470633616,92.21569106640544,False,False,False,1,False
47.99211474130938,33.07713423584439,80.16785040103406,96.48692648788888,False,False,False,1,False
48.73036270691698,33.685265017481,59.69090262098163,91.84973551971063,False,False,False,1,False
59.776203558959295,27.53766135289023,88.184744205061,97.0914071340879,False,False,False,-1,True
65.08669382329123,29.909531961574192,78.52926861314032,91.02807293469324,False,False,False,1,False
52.097955409270845,30.66026204193808,66.32592238438875,95.8960577317524,False,False,False,1,False
53.44662623194862,31.638967118640974,78.52195640935653,92.18896429049579,False,False,False,1,False
44.62172962254621,30.81879899541755,67.12551247226804,92.23174431364654,False,False,False,1,False
73.47216409362223,26.668512639019482,57.36194783270929,89.35770938156602,True,False,False,-1,True
47.258554976957605,26.247211933470417,64.86087586106073,85.470748747468,False,False,False,1,False
47.21245228494152,29.232702217836117,73.4785120152549,85.38089975292978,False,False,False,1,False
43.833830796973515,27.904749279177576,61.55550146562478,92.36828152740493,False,False,False,1,False
50.53803142070245,26.860435157873034,65.10964278443494,89.71024340478148,False,False,False,1,False
50.995939061444794,32.47853972061055,85.74671901697526,86.97037150248245,False,False,False,1,False
52.24128858168881,31.679481743761265,70.64551312840473,90.56099475224529,False,False,False,1,False
51.93442587825878,33.920482005597876,72.42784709544442,89.7352837295885,False,False,False,1,False
47.18515073449934,32.846059333044195,61.005996187271556,87.30333150199793,False,False,False,1,False
49.94196672289029,30.78365713155045,64.09268120894382,93.67548235637007,False,False,False,1,False
60.836798552707,28.19656527375591,79.2780971140718,94.57412479072966,False,False,False,1,False
40.0013289060408,32.84908414545336,63.021502203293416,92.29327660484795,False,False,False,1,False
49.69895367615363,27.934839932465216,68.35584694364485,87.17249702366705,False,False,False,1,False
50.31149305897527,29.85174783122218,70.093665276202,94.9472000011445,False,False,False,1,False
44.5476949820668,32.03658448391115,70.07698535539154,92.33169953196581,False,False,False,1,False
51.52230590937385,32.527047729330604,70.36410555154823,95.7547067137405,False,False,False,1,False
49.54045029487503,29.86296887394527,71.6970248106515,85.84978202538524,False,False,False,1,False
42.802191828557184,26.669571963665106,75.93494444104387,95.16879928636806,False,False,False,1,False
51.600883798060735,34.713500508276546,70.89767989462847,97.38297564557783,False,False,False,1,False
55.04348531451478,25.19017019113462,85.16853881500573,87.89431312934343,False,False,False,1,False
47.40507811557326,33.2741954016858,79.69855589505985,98.59056209297798,False,False,False,1,False
58.61199263361476,29.84439598863931,66.70285665917828,96.18354133211363,False,False,False,1,False
43.43153533256016,33.669091875420605,67.62104872752076,93.48042254560008,False,False,False,1,False
51.737951148635695,31.28143989810806,69.61038074351369,96.62953863539022,False,False,False,1,False
51.062237147563756,28.194825733381734,68.5949174027985,95.48928344386712,False,False,False,1,False
50.46024692578826,28.240935269875862,70.46844631991542,85.89938726706343,False,False,False,1,False
60.64889089072446,28.384430448912077,73.33456623193135,85.7012242548674,False,False,False,1,False
48.80243012541473,25.822039932327677,75.89726238288236,92.24541314462155,False,False,False,1,False
49.16830908481651,23.111066577639267,67.19013947668653,87.06526208180276,False,False,False,1,False
57.321793342414054,28.978289222747996,80.31527937558769,87.41970985262651,False,False,False,1,False
55.20515482322483,31.35424322329601,61.67173802538129,89.59135325115244,False,False,False,1,False
45.98541760404554,34.46179803895685,64.41945969027417,98.20730763164737,False,False,False,1,False
47.63779045494791,32.59544220165131,71.0992809248687,86.94998659781677,False,False,False,1,False
50.348320775572105,23.407724630464656,61.59222475316813,86.36791823678622,False,False,False,1,False
47.570962050668534,28.13700273535886,69.47659481511744,96.53389740423748,False,False,False,1,False
45.3151744372831,33.447993719123495,71.34384851826741,95.32604675742247,False,False,False,1,False
46.92363134007562,29.57012596198686,73.95336210795635,92.04317154595044,False,False,False,1,False
52.76083308103734,27.80899032548737,58.53454906184729,88.9261604000511,False,False,False,1,False
54.93322634625043,30.43805039776367,70.5308461609895,97.96412715266295,False,False,False,1,False
40.44364143326594,31.96882672013326,81.98046687879027,91.17545796370518,False,False,False,1,False
47.059443448640536,26.957049019134168,64.2589339797103,98.5844951734645,False,False,False,1,False
43.74143725337406,25.188694699329066,72.68198353644222,91.42739177269814,False,False,False,1,False
52.74206433472498,26.83488148144447,71.94144048393817,86.98035664258762,False,False,False,1,False
51.17164686865111,28.43458778709607,79.05961048630165,86.8535338233333,False,False,False,1,False
53.86737767825518,31.092188826732475,64.94402213409775,96.95063986054114,False,False,False,1,False
47.93627593495994,31.8932241205732,80.64374841207238,97.82440614906064,False,False,False,1,False
48.8071497716692,28.291577453766347,58.13868253964397,85.18668651596394,False,False,False,1,False
59.76744926640618,29.317590039193192,62.08804888417393,85.90483953319985,False,False,False,1,False
46.461303281003644,26.645389408598945,52.93455446791134,89.1882202089978,False,False,False,1,False
45.77349087222337,31.305948390107737,65.30246720184056,92.56046217031894,False,False,False,1,False
53.36073705894,28.66056340108448,72.43506186600435,95.42102835304863,False,False,False,1,False
50.75424644037691,31.997359048845723,78.12276518517182,85.56484790049932,False,False,False,1,False
55.987100032192174,31.49240425381452,75.2033521887855,87.92500467808328,False,False,False,1,False
